{"cameraMode":{"drawMode":0,"name":"Shaded","section":"Shading Mode"},"sceneLighting":false,"audioPlay":false,"sceneViewState":{"showFog":true,"showMaterialUpdate":false,"showSkybox":false,"showFlares":true,"showImageEffects":true,"showParticleSystems":true},"in2DMode":false,"pivot":{"x":0.0,"y":-80.54800415039063,"z":-0.000013113021850585938},"rotation":{"x":0.3914192318916321,"y":-0.11174372583627701,"z":0.047770727425813678,"w":0.9122143387794495},"size":277.1140441894531,"orthographic":false}